batch_id,chunk_id,CELEX,revision_status,schema_valid,validation_passed,issues
0,32019D0276_0,32019D0276,revised,True,True,[]
0,32019D0276_1,32019D0276,revised,True,True,[]
0,32019D0276_2,32019D0276,revised,True,True,[]
0,32019D0277_0,32019D0277,revised,True,True,[]
0,32019D0277_1,32019D0277,revised,True,True,[]
1,32019D0275_0,32019D0275,revised,True,True,[]
1,32019D0275_1,32019D0275,revised,True,True,[]
1,32018D1859_0,32018D1859,revised,True,True,[]
1,32018D1859_1,32018D1859,revised,True,True,[]
1,32018D1859_2,32018D1859,revised,True,True,[]
2,32018D1720_0,32018D1720,revised,True,True,[]
2,32018D1720_1,32018D1720,revised,True,True,[]
2,32018D1675_0,32018D1675,revised,True,True,[]
2,32018D1675_1,32018D1675,revised,True,True,[]
2,32018D1505_0,32018D1505,revised,True,True,[]
3,32018D1505_1,32018D1505,revised,True,True,[]
3,32018D1093_0,32018D1093,revised,True,True,[]
3,32018D1093_1,32018D1093,revised,True,True,[]
3,32018D0947_0,32018D0947,revised,True,True,[]
3,32018D0947_1,32018D0947,revised,True,True,[]
4,32018D0947_2,32018D0947,revised,True,True,[]
4,32018D0947_3,32018D0947,revised,True,True,[]
4,32018D0947_4,32018D0947,revised,True,True,[]
4,32018D0947_5,32018D0947,revised,True,True,[]
4,32018D0947_6,32018D0947,revised,True,True,[]
5,32018D0947_7,32018D0947,revised,True,True,[]
5,32018D0947_8,32018D0947,revised,True,True,[]
5,32018D0947_9,32018D0947,revised,True,True,[]
5,32018D0947_10,32018D0947,revised,True,True,[]
5,32018D0947_11,32018D0947,revised,True,True,[]
6,32018D0947_12,32018D0947,revised,True,True,[]
6,32018D0947_13,32018D0947,revised,True,True,[]
6,32018D0947_14,32018D0947,revised,True,True,[]
6,32018D0947_15,32018D0947,revised,True,True,[]
6,32018D0846_0,32018D0846,revised,True,True,[]
7,32018D0846_1,32018D0846,revised,True,True,[]
7,32018D0846_2,32018D0846,revised,True,True,[]
7,32018D0847_0,32018D0847,revised,True,True,[]
7,32018D0847_1,32018D0847,revised,True,True,[]
7,32018D0845_0,32018D0845,revised,True,True,[]
8,32018D0845_1,32018D0845,revised,True,True,[]
8,32018D0646_0,32018D0646,revised,True,True,[]
8,32018D0646_1,32018D0646,revised,True,True,[]
8,32018D0646_2,32018D0646,revised,True,True,[]
8,32018D0646_3,32018D0646,revised,True,True,[]
9,32018D0646_4,32018D0646,revised,True,True,[]
9,32018D0646_5,32018D0646,revised,True,True,[]
9,32018D0646_6,32018D0646,revised,True,True,[]
9,32018D0646_7,32018D0646,revised,True,True,[]
9,32018D0646_8,32018D0646,revised,True,True,[]
10,32018D0646_9,32018D0646,revised,True,True,[]
10,32018D0646_10,32018D0646,revised,True,True,[]
10,32018D0646_11,32018D0646,revised,True,True,[]
10,32018D0646_12,32018D0646,revised,True,True,[]
10,32018D0646_13,32018D0646,revised,True,True,[]
11,32018D0646_14,32018D0646,revised,True,True,[]
11,32018D0646_15,32018D0646,revised,True,True,[]
11,32018D0646_16,32018D0646,revised,True,True,[]
11,32018D0646_17,32018D0646,revised,True,True,[]
11,32018D0646_18,32018D0646,revised,True,True,[]
12,32018D0646_19,32018D0646,revised,True,True,[]
12,32018D0598_0,32018D0598,revised,True,True,[]
12,32018D0598_1,32018D0598,revised,True,True,[]
12,32018D0598_2,32018D0598,revised,True,True,[]
12,32018D0598_3,32018D0598,revised,True,True,[]
13,32018D0598_4,32018D0598,revised,True,True,[]
13,32018D0598_5,32018D0598,revised,True,True,[]
13,32018D0598_6,32018D0598,revised,True,True,[]
13,32018D0598_7,32018D0598,revised,True,True,[]
13,32018D0598_8,32018D0598,revised,True,True,[]
14,32018D0598_9,32018D0598,revised,True,True,[]
14,32018D0598_10,32018D0598,revised,True,True,[]
14,32018D0598_11,32018D0598,revised,True,True,[]
14,32018D0598_12,32018D0598,revised,True,True,[]
14,32018D0598_13,32018D0598,revised,True,True,[]
15,32018D0513_0,32018D0513,revised,True,True,[]
15,32018D0513_1,32018D0513,revised,True,True,[]
15,32018D0514_0,32018D0514,revised,True,True,[]
15,32018D0514_1,32018D0514,revised,True,True,[]
15,32018D0515_0,32018D0515,revised,True,True,[]
16,32018D0515_1,32018D0515,revised,True,True,[]
16,32018D0508_0,32018D0508,revised,True,True,[]
16,32018D0508_1,32018D0508,revised,True,True,[]
16,32018D0051_0,32018D0051,revised,True,True,[]
16,32018D0051_1,32018D0051,revised,True,True,[]
17,32018D0006_0,32018D0006,revised,True,True,[]
17,32018D0006_1,32018D0006,revised,True,True,[]
17,32018D0007_0,32018D0007,revised,True,True,[]
17,32018D0007_1,32018D0007,revised,True,True,[]
17,32018D0008_0,32018D0008,revised,True,True,[]
18,32018D0008_1,32018D0008,revised,True,True,[]
18,32018D0008_2,32018D0008,revised,True,True,[]
18,32017D2192_0,32017D2192,revised,True,True,[]
18,32017D2192_1,32017D2192,revised,True,True,[]
18,32017D1599_0,32017D1599,revised,True,True,[]
19,32017D1599_1,32017D1599,revised,True,True,[]
19,32017D1600_0,32017D1600,revised,True,True,[]
19,32017D1600_1,32017D1600,revised,True,True,[]
19,32017D1565_0,32017D1565,revised,True,True,[]
19,32017D1565_1,32017D1565,revised,True,True,[]
20,32017D1565_2,32017D1565,revised,True,True,[]
20,32017D1565_3,32017D1565,revised,True,True,[]
20,32017D1565_4,32017D1565,revised,True,True,[]
20,32017D1565_5,32017D1565,revised,True,True,[]
20,32017D1565_6,32017D1565,revised,True,True,[]
21,32017D1565_7,32017D1565,revised,True,True,[]
21,32017D1565_8,32017D1565,revised,True,True,[]
21,32017D1565_9,32017D1565,revised,True,True,[]
21,32017D1565_10,32017D1565,revised,True,True,[]
21,32017D1565_11,32017D1565,revised,True,True,[]
22,32017D1565_12,32017D1565,revised,True,True,[]
22,32017D1565_13,32017D1565,revised,True,True,[]
22,32017D1565_14,32017D1565,revised,True,True,[]
22,32017D1565_15,32017D1565,revised,True,True,[]
22,32017D1372_0,32017D1372,revised,True,True,[]
23,32017D1372_1,32017D1372,revised,True,True,[]
23,32017D1372_2,32017D1372,revised,True,True,[]
23,32017D1324_0,32017D1324,revised,True,True,[]
23,32017D1324_1,32017D1324,revised,True,True,[]
23,32017D1324_2,32017D1324,revised,True,True,[]
24,32017D1324_3,32017D1324,revised,True,True,[]
24,32017D1324_4,32017D1324,revised,True,True,[]
24,32017D1324_5,32017D1324,revised,True,True,[]
24,32017D1324_6,32017D1324,revised,True,True,[]
24,32017D1324_7,32017D1324,revised,True,True,[]
25,32017D1324_8,32017D1324,revised,True,True,[]
25,32017D1324_9,32017D1324,revised,True,True,[]
25,32017D1324_10,32017D1324,revised,True,True,[]
25,32017D1324_11,32017D1324,revised,True,True,[]
25,32017D1324_12,32017D1324,revised,True,True,[]
26,32017D1324_13,32017D1324,revised,True,True,[]
26,32017D1324_14,32017D1324,revised,True,True,[]
26,32017D1324_15,32017D1324,revised,True,True,[]
26,32017D1324_16,32017D1324,revised,True,True,[]
26,32017D1324_17,32017D1324,revised,True,True,[]
27,32017D1324_18,32017D1324,revised,True,True,[]
27,32017D1324_19,32017D1324,revised,True,True,[]
27,32017D1324_20,32017D1324,revised,True,True,[]
27,32017D1324_21,32017D1324,revised,True,True,[]
27,32017D1324_22,32017D1324,revised,True,True,[]
28,32017D1324_23,32017D1324,revised,True,True,[]
28,32017D1324_24,32017D1324,revised,True,True,[]
28,32017D1324_25,32017D1324,revised,True,True,[]
28,32017D1324_26,32017D1324,revised,True,True,[]
28,32017D1324_27,32017D1324,revised,True,True,[]
29,32017D1324_28,32017D1324,revised,True,True,[]
29,32017D0951_0,32017D0951,revised,True,True,[]
29,32017D0951_1,32017D0951,revised,True,True,[]
29,32017D0899_0,32017D0899,revised,True,True,[]
29,32017D0899_1,32017D0899,revised,True,True,[]
30,32017D0899_2,32017D0899,revised,True,True,[]
30,32017D0899_3,32017D0899,revised,True,True,[]
30,32017D0899_4,32017D0899,revised,True,True,[]
30,32017D0899_5,32017D0899,revised,True,True,[]
30,32017D0899_6,32017D0899,revised,True,True,[]
31,32017D0899_7,32017D0899,revised,True,True,[]
31,32017D0899_8,32017D0899,revised,True,True,[]
31,32017D0899_9,32017D0899,revised,True,True,[]
31,32017D0899_10,32017D0899,revised,True,True,[]
31,32017D0899_11,32017D0899,revised,True,True,[]
32,32017D0899_12,32017D0899,revised,True,True,[]
32,32017D0899_13,32017D0899,revised,True,True,[]
32,32017D0899_14,32017D0899,revised,True,True,[]
32,32017D0864_0,32017D0864,revised,True,True,[]
32,32017D0864_1,32017D0864,revised,True,True,[]
33,32017D0864_2,32017D0864,revised,True,True,[]
33,32017D0864_3,32017D0864,revised,True,True,[]
33,32017D0864_4,32017D0864,revised,True,True,[]
33,32017D0864_5,32017D0864,revised,True,True,[]
33,32017D0864_6,32017D0864,revised,True,True,[]
34,32017D0864_7,32017D0864,revised,True,True,[]
34,32017D0864_8,32017D0864,revised,True,True,[]
34,32017D0864_9,32017D0864,revised,True,True,[]
34,32017D0864_10,32017D0864,revised,True,True,[]
34,32017D0864_11,32017D0864,revised,True,True,[]
35,32017D0864_12,32017D0864,revised,True,True,[]
35,32017D0864_13,32017D0864,revised,True,True,[]
35,32017D0864_14,32017D0864,revised,True,True,[]
35,32017D0864_15,32017D0864,revised,True,True,[]
35,32017D0864_16,32017D0864,revised,True,True,[]
36,32017D0741_0,32017D0741,revised,True,True,[]
36,32017D0741_1,32017D0741,revised,True,True,[]
36,32017D0742_0,32017D0742,revised,True,True,[]
36,32017D0742_1,32017D0742,revised,True,True,[]
36,32017D0684_0,32017D0684,revised,True,True,[]
37,32017D0684_1,32017D0684,revised,True,True,[]
37,32017D0684_2,32017D0684,revised,True,True,[]
37,32017D0684_3,32017D0684,revised,True,True,[]
37,32017D0684_4,32017D0684,revised,True,True,[]
37,32017D0684_5,32017D0684,revised,True,True,[]
38,32017D0684_6,32017D0684,revised,True,True,[]
38,32017D0684_7,32017D0684,revised,True,True,[]
38,32017D0684_8,32017D0684,revised,True,True,[]
38,32017D0684_9,32017D0684,revised,True,True,[]
38,32017D0684_10,32017D0684,revised,True,True,[]
39,32017D0684_11,32017D0684,revised,True,True,[]
39,32017D0684_12,32017D0684,revised,True,True,[]
39,32017D0684_13,32017D0684,revised,True,True,[]
39,32017D0684_14,32017D0684,revised,True,True,[]
39,32017D0684_15,32017D0684,revised,True,True,[]
40,32017D0684_16,32017D0684,revised,True,True,[]
40,32017D0684_17,32017D0684,revised,True,True,[]
40,32017D0684_18,32017D0684,revised,True,True,[]
40,32017D0559_0,32017D0559,revised,True,True,[]
40,32017D0559_1,32017D0559,revised,True,True,[]
41,32017D0344_0,32017D0344,revised,True,True,[]
41,32017D0344_1,32017D0344,revised,True,True,[]
41,32017D0344_2,32017D0344,revised,True,True,[]
41,32017D0341_0,32017D0341,revised,True,True,[]
41,32017D0341_1,32017D0341,revised,True,True,[]
42,32017D0342_0,32017D0342,revised,True,True,[]
42,32017D0342_1,32017D0342,revised,True,True,[]
42,32017D0343_0,32017D0343,revised,True,True,[]
42,32017D0343_1,32017D0343,revised,True,True,[]
42,32017D0339_0,32017D0339,revised,True,True,[]
43,32017D0339_1,32017D0339,revised,True,True,[]
43,32017D0340_0,32017D0340,revised,True,True,[]
43,32017D0340_1,32017D0340,revised,True,True,[]
43,32016D2371_0,32016D2371,revised,True,True,[]
43,32016D2371_1,32016D2371,revised,True,True,[]
44,32016D2371_2,32016D2371,revised,True,True,[]
44,32016D2371_3,32016D2371,revised,True,True,[]
44,32016D2371_4,32016D2371,revised,True,True,[]
44,32016D2371_5,32016D2371,revised,True,True,[]
44,32016D2371_6,32016D2371,revised,True,True,[]
45,32016D2371_7,32016D2371,revised,True,True,[]
45,32016D2371_8,32016D2371,revised,True,True,[]
45,32016D2371_9,32016D2371,revised,True,True,[]
45,32016D2371_10,32016D2371,revised,True,True,[]
45,32016D2371_11,32016D2371,revised,True,True,[]
47,32016D2099_1,32016D2099,revised,True,True,[]
47,32016D1857_0,32016D1857,revised,True,True,[]
47,32016D1857_1,32016D1857,revised,True,True,[]
47,32016D1858_0,32016D1858,revised,True,True,[]
47,32016D1858_1,32016D1858,revised,True,True,[]
48,32016D1856_0,32016D1856,revised,True,True,[]
48,32016D1856_1,32016D1856,revised,True,True,[]
48,32016D1856_2,32016D1856,revised,True,True,[]
48,32016D1201_0,32016D1201,revised,True,True,[]
48,32016D1201_1,32016D1201,revised,True,True,[]
46,32016D2371_12,32016D2371,revised,True,True,[]
46,32016D2371_13,32016D2371,revised,True,True,[]
46,32016D2371_14,32016D2371,revised,True,True,[]
46,32016D2371_15,32016D2371,revised,True,True,[]
46,32016D2099_0,32016D2099,revised,True,True,[]
49,32016D1201_2,32016D1201,revised,True,True,[]
49,32016D1145_0,32016D1145,revised,True,True,[]
49,32016D1145_1,32016D1145,revised,True,True,[]
49,32016D1145_2,32016D1145,revised,True,True,[]
49,32016D1112_0,32016D1112,revised,True,True,[]
50,32016D1112_1,32016D1112,revised,True,True,[]
50,32016D1112_2,32016D1112,revised,True,True,[]
50,32016D1112_3,32016D1112,revised,True,True,[]
50,32016D1112_4,32016D1112,revised,True,True,[]
50,32016D1112_5,32016D1112,revised,True,True,[]
51,32016D1112_6,32016D1112,revised,True,True,[]
51,32016D1112_7,32016D1112,revised,True,True,[]
51,32016D1112_8,32016D1112,skipped_not_required,True,False,"[""invalid_class_type:['Asset', 'Party']"", ""extensions_without_class:['LegalInstrument', 'Regulation']""]"
51,32016D1112_9,32016D1112,revised,True,True,[]
51,32016D1112_10,32016D1112,skipped_not_required,True,False,"[""invalid_class_type:['Asset', 'Party']"", ""extensions_without_class:['LegalInstrument', 'Regulation']""]"
52,32016D1112_11,32016D1112,revised,True,True,[]
52,32016D1112_12,32016D1112,revised,True,True,[]
52,32016D1112_13,32016D1112,revised,True,True,[]
52,32016D1112_14,32016D1112,revised,True,True,[]
52,32016D0990_0,32016D0990,revised,True,True,[]
53,32016D0990_1,32016D0990,revised,True,True,[]
53,32016D0989_0,32016D0989,revised,True,True,[]
53,32016D0989_1,32016D0989,revised,True,True,[]
53,32016D0618_0,32016D0618,revised,True,True,[]
53,32016D0618_1,32016D0618,revised,True,True,[]
54,32016D0619_0,32016D0619,revised,True,True,[]
54,32016D0619_1,32016D0619,revised,True,True,[]
54,32016D0407_0,32016D0407,revised,True,True,[]
54,32016D0407_1,32016D0407,revised,True,True,[]
54,32016D0407_2,32016D0407,revised,True,True,[]
55,32016D0344_0,32016D0344,revised,True,True,[]
55,32016D0344_1,32016D0344,revised,True,True,[]
55,32016D0344_2,32016D0344,revised,True,True,[]
55,32016D0344_3,32016D0344,revised,True,True,[]
55,32016D0344_4,32016D0344,revised,True,True,[]
56,32016D0344_5,32016D0344,revised,True,True,[]
56,32016D0344_6,32016D0344,revised,True,True,[]
56,32016D0344_7,32016D0344,revised,True,True,[]
56,32016D0344_8,32016D0344,revised,True,True,[]
56,32016D0344_9,32016D0344,revised,True,True,[]
57,32016D0344_10,32016D0344,revised,True,True,[]
57,32016D0344_11,32016D0344,revised,True,True,[]
57,32016D0344_12,32016D0344,revised,True,True,[]
57,32016D0344_13,32016D0344,revised,True,True,[]
57,32016D0344_14,32016D0344,revised,True,True,[]
58,32016D0344_15,32016D0344,revised,True,True,[]
58,32016D0344_16,32016D0344,revised,True,True,[]
58,32016D0253_0,32016D0253,revised,True,True,[]
58,32016D0253_1,32016D0253,revised,True,True,[]
58,32016D0252_0,32016D0252,revised,True,True,[]
59,32016D0252_1,32016D0252,revised,True,True,[]
59,32015D2457_0,32015D2457,revised,True,True,[]
59,32015D2457_1,32015D2457,revised,True,True,[]
59,32015D2458_0,32015D2458,revised,True,True,[]
59,32015D2458_1,32015D2458,revised,True,True,[]
60,32015D2458_2,32015D2458,revised,True,True,[]
60,32015D2248_0,32015D2248,revised,True,True,[]
60,32015D2248_1,32015D2248,revised,True,True,[]
60,32015D2240_0,32015D2240,revised,True,True,[]
60,32015D2240_1,32015D2240,revised,True,True,[]
61,32015D2240_2,32015D2240,revised,True,True,[]
61,32015D2240_3,32015D2240,revised,True,True,[]
61,32015D2240_4,32015D2240,revised,True,True,[]
61,32015D2240_5,32015D2240,revised,True,True,[]
61,32015D2240_6,32015D2240,revised,True,True,[]
62,32015D2240_7,32015D2240,skipped_not_required,True,False,"[""invalid_class_type:['Asset']"", ""extensions_without_class:['LegalInstrument', 'Regulation']""]"
62,32015D2240_8,32015D2240,revised,True,True,[]
62,32015D2240_9,32015D2240,revised,True,True,[]
62,32015D2240_10,32015D2240,revised,True,True,[]
62,32015D2240_11,32015D2240,revised,True,True,[]
63,32015D2240_12,32015D2240,revised,True,True,[]
63,32015D2240_13,32015D2240,revised,True,True,[]
63,32015D2240_14,32015D2240,revised,True,True,[]
63,32015D2240_15,32015D2240,revised,True,True,[]
63,32015D2240_16,32015D2240,revised,True,True,[]
64,32015D2240_17,32015D2240,revised,True,True,[]
64,32015D2240_18,32015D2240,revised,True,True,[]
64,32015D2240_19,32015D2240,revised,True,True,[]
64,32015D2240_20,32015D2240,revised,True,True,[]
64,32015D2240_21,32015D2240,revised,True,True,[]
65,32015D2240_22,32015D2240,revised,True,True,[]
65,32015D2240_23,32015D2240,revised,True,True,[]
65,32015D2240_24,32015D2240,revised,True,True,[]
65,32015D2240_25,32015D2240,revised,True,True,[]
65,32015D2240_26,32015D2240,revised,True,True,[]
66,32015D2240_27,32015D2240,revised,True,True,[]
66,32015D2240_28,32015D2240,revised,True,True,[]
66,32015D2240_29,32015D2240,revised,True,True,[]
66,32015D2240_30,32015D2240,revised,True,True,[]
66,32015D2240_31,32015D2240,revised,True,True,[]
67,32015D2240_32,32015D2240,revised,True,True,[]
67,32015D1869_0,32015D1869,revised,True,True,[]
67,32015D1869_1,32015D1869,revised,True,True,[]
67,32015D1870_0,32015D1870,revised,True,True,[]
67,32015D1870_1,32015D1870,revised,True,True,[]
68,32015D1871_0,32015D1871,revised,True,True,[]
68,32015D1871_1,32015D1871,revised,True,True,[]
68,32015D1872_0,32015D1872,revised,True,True,[]
68,32015D1872_1,32015D1872,revised,True,True,[]
68,32015D1872_2,32015D1872,revised,True,True,[]
69,32015D1477_0,32015D1477,revised,True,True,[]
69,32015D1477_1,32015D1477,revised,True,True,[]
69,32015D1179_0,32015D1179,revised,True,True,[]
69,32015D1179_1,32015D1179,revised,True,True,[]
69,32015D1180_0,32015D1180,revised,True,True,[]
70,32015D1180_1,32015D1180,revised,True,True,[]
70,32015D0738_0,32015D0738,revised,True,True,[]
70,32015D0738_1,32015D0738,revised,True,True,[]
70,32015D0644_0,32015D0644,revised,True,True,[]
70,32015D0644_1,32015D0644,revised,True,True,[]
71,32015D0644_2,32015D0644,revised,True,True,[]
71,32015D0643_0,32015D0643,revised,True,True,[]
71,32015D0643_1,32015D0643,revised,True,True,[]
71,32015D0642_0,32015D0642,revised,True,True,[]
71,32015D0642_1,32015D0642,revised,True,True,[]
72,32015D0642_2,32015D0642,revised,True,True,[]
72,32015D0601_0,32015D0601,revised,True,True,[]
72,32015D0601_1,32015D0601,revised,True,True,[]
72,32015D0601_2,32015D0601,revised,True,True,[]
72,32015D0601_3,32015D0601,revised,True,True,[]
73,32015D0601_4,32015D0601,revised,True,True,[]
73,32015D0601_5,32015D0601,revised,True,True,[]
73,32015D0601_6,32015D0601,revised,True,True,[]
73,32015D0601_7,32015D0601,revised,True,True,[]
73,32015D0601_8,32015D0601,revised,True,True,[]
74,32015D0601_9,32015D0601,revised,True,True,[]
74,32015D0601_10,32015D0601,revised,True,True,[]
74,32015D0601_11,32015D0601,revised,True,True,[]
74,32015D0601_12,32015D0601,revised,True,True,[]
74,32015D0601_13,32015D0601,revised,True,True,[]
75,32015D0601_14,32015D0601,revised,True,True,[]
75,32015D0471_0,32015D0471,revised,True,True,[]
75,32015D0471_1,32015D0471,revised,True,True,[]
75,32015D0473_0,32015D0473,revised,True,True,[]
75,32015D0473_1,32015D0473,revised,True,True,[]
76,32015D0470_0,32015D0470,revised,True,True,[]
76,32015D0470_1,32015D0470,revised,True,True,[]
76,32015D0469_0,32015D0469,revised,True,True,[]
76,32015D0469_1,32015D0469,revised,True,True,[]
76,32015D0472_0,32015D0472,revised,True,True,[]
77,32015D0472_1,32015D0472,revised,True,True,[]
77,32015D0468_0,32015D0468,revised,True,True,[]
77,32015D0468_1,32015D0468,revised,True,True,[]
77,32015D0421_0,32015D0421,revised,True,True,[]
77,32015D0421_1,32015D0421,revised,True,True,[]
80,32015D0043_2,32015D0043,revised,True,True,[]
80,32014D0886_0,32014D0886,revised,True,True,[]
80,32014D0886_1,32014D0886,revised,True,True,[]
80,32014D0877_0,32014D0877,revised,True,True,[]
80,32014D0877_1,32014D0877,revised,True,True,[]
78,32015D0422_0,32015D0422,revised,True,True,[]
78,32015D0422_1,32015D0422,revised,True,True,[]
78,32015D0041_0,32015D0041,revised,True,True,[]
78,32015D0041_1,32015D0041,revised,True,True,[]
78,32015D0042_0,32015D0042,revised,True,True,[]
79,32015D0042_1,32015D0042,revised,True,True,[]
79,32015D0044_0,32015D0044,revised,True,True,[]
79,32015D0044_1,32015D0044,revised,True,True,[]
79,32015D0043_0,32015D0043,revised,True,True,[]
79,32015D0043_1,32015D0043,revised,True,True,[]
81,32014D0876_0,32014D0876,revised,True,True,[]
81,32014D0876_1,32014D0876,revised,True,True,[]
81,32014D0878_0,32014D0878,revised,True,True,[]
81,32014D0878_1,32014D0878,revised,True,True,[]
81,32014D0879_0,32014D0879,revised,True,True,[]
82,32014D0879_1,32014D0879,revised,True,True,[]
82,32014D0812_0,32014D0812,revised,True,True,[]
82,32014D0812_1,32014D0812,revised,True,True,[]
82,32014D0814_0,32014D0814,revised,True,True,[]
82,32014D0814_1,32014D0814,revised,True,True,[]
83,32014D0811_0,32014D0811,revised,True,True,[]
83,32014D0811_1,32014D0811,revised,True,True,[]
83,32014D0813_0,32014D0813,revised,True,True,[]
83,32014D0813_1,32014D0813,revised,True,True,[]
83,32014D0817_0,32014D0817,revised,True,True,[]
84,32014D0817_1,32014D0817,revised,True,True,[]
84,32014D0815_0,32014D0815,revised,True,True,[]
84,32014D0815_1,32014D0815,revised,True,True,[]
84,32014D0815_2,32014D0815,revised,True,True,[]
84,32014D0816_0,32014D0816,revised,True,True,[]
86,32014D0698_2,32014D0698,revised,True,True,[]
86,32014D0697_0,32014D0697,revised,True,True,[]
86,32014D0697_1,32014D0697,revised,True,True,[]
86,32014D0466_0,32014D0466,revised,True,True,[]
86,32014D0466_1,32014D0466,revised,True,True,[]
87,32014D0466_2,32014D0466,revised,True,True,[]
87,32014D0466_3,32014D0466,revised,True,True,[]
87,32014D0466_4,32014D0466,revised,True,True,[]
87,32014D0466_5,32014D0466,revised,True,True,[]
87,32014D0466_6,32014D0466,revised,True,True,[]
88,32014D0466_7,32014D0466,revised,True,True,[]
88,32014D0466_8,32014D0466,revised,True,True,[]
88,32014D0466_9,32014D0466,revised,True,True,[]
88,32014D0466_10,32014D0466,revised,True,True,[]
88,32014D0466_11,32014D0466,revised,True,True,[]
89,32014D0466_12,32014D0466,revised,True,True,[]
89,32014D0466_13,32014D0466,revised,True,True,[]
89,32014D0466_14,32014D0466,revised,True,True,[]
89,32014D0466_15,32014D0466,revised,True,True,[]
89,32014D0466_16,32014D0466,revised,True,True,[]
90,32014D0466_17,32014D0466,revised,True,True,[]
90,32014D0466_18,32014D0466,revised,True,True,[]
90,32014D0466_19,32014D0466,revised,True,True,[]
90,32014D0466_20,32014D0466,revised,True,True,[]
90,32014D0466_21,32014D0466,revised,True,True,[]
91,32014D0466_22,32014D0466,revised,True,True,[]
91,32014D0466_23,32014D0466,revised,True,True,[]
91,32014D0466_24,32014D0466,revised,True,True,[]
91,32014D0466_25,32014D0466,revised,True,True,[]
91,32014D0466_26,32014D0466,revised,True,True,[]
92,32014D0466_27,32014D0466,revised,True,True,[]
92,32014D0466_28,32014D0466,revised,True,True,[]
92,32014D0466_29,32014D0466,revised,True,True,[]
92,32014D0466_30,32014D0466,revised,True,True,[]
92,32014D0466_31,32014D0466,revised,True,True,[]
95,32014D0466_42,32014D0466,revised,True,True,[]
95,32014D0534_0,32014D0534,revised,True,True,[]
95,32014D0534_1,32014D0534,revised,True,True,[]
95,32014D0534_2,32014D0534,revised,True,True,[]
95,32014D0534_3,32014D0534,revised,True,True,[]
94,32014D0466_37,32014D0466,revised,True,True,[]
94,32014D0466_38,32014D0466,revised,True,True,[]
94,32014D0466_39,32014D0466,revised,True,True,[]
94,32014D0466_40,32014D0466,revised,True,True,[]
94,32014D0466_41,32014D0466,revised,True,True,[]
93,32014D0466_32,32014D0466,revised,True,True,[]
93,32014D0466_33,32014D0466,revised,True,True,[]
93,32014D0466_34,32014D0466,revised,True,True,[]
93,32014D0466_35,32014D0466,revised,True,True,[]
93,32014D0466_36,32014D0466,skipped_not_required,False,False,"[""missing_keys:['classes', 'description', 'example_instances', 'legal_patterns', 'odrl_alignment', 'ontology_name', 'relationships', 'rights_model']"", ""unexpected_keys:['error', 'raw_output']""]"
96,32014D0534_4,32014D0534,revised,True,True,[]
96,32014D0534_5,32014D0534,revised,True,True,[]
96,32014D0534_6,32014D0534,revised,True,True,[]
96,32014D0534_7,32014D0534,revised,True,True,[]
96,32014D0534_8,32014D0534,skipped_not_required,True,False,"[""invalid_class_type:['Asset', 'Constraint', 'Duty', 'Party', 'Permission']"", ""extensions_without_class:['LegalInstrument', 'Regulation']""]"
97,32014D0534_9,32014D0534,revised,True,True,[]
97,32014D0534_10,32014D0534,revised,True,True,[]
97,32014D0534_11,32014D0534,revised,True,True,[]
97,32014D0534_12,32014D0534,revised,True,True,[]
97,32014D0534_13,32014D0534,revised,True,True,[]
98,32014D0254_0,32014D0254,revised,True,True,[]
98,32014D0254_1,32014D0254,revised,True,True,[]
98,32014D0253_0,32014D0253,revised,True,True,[]
98,32014D0253_1,32014D0253,revised,True,True,[]
98,32014D0445_0,32014D0445,revised,True,True,[]
99,32014D0445_1,32014D0445,revised,True,True,[]
99,32014D0445_2,32014D0445,revised,True,True,[]
99,32014D0445_3,32014D0445,revised,True,True,[]
99,32014D0445_4,32014D0445,revised,True,True,[]
99,32014D0445_5,32014D0445,revised,True,True,[]
100,32014D0445_6,32014D0445,revised,True,True,[]
100,32014D0445_7,32014D0445,revised,True,True,[]
100,32014D0445_8,32014D0445,revised,True,True,[]
100,32014D0445_9,32014D0445,revised,True,True,[]
100,32014D0445_10,32014D0445,revised,True,True,[]
101,32014D0445_11,32014D0445,revised,True,True,[]
101,32014D0445_12,32014D0445,revised,True,True,[]
101,32014D0445_13,32014D0445,revised,True,True,[]
101,32014D0445_14,32014D0445,revised,True,True,[]
101,32014D0445_15,32014D0445,revised,True,True,[]
102,32014D0445_16,32014D0445,revised,True,True,[]
102,32014D0445_17,32014D0445,revised,True,True,[]
102,32014D0445_18,32014D0445,revised,True,True,[]
102,32014D0445_19,32014D0445,revised,True,True,[]
102,32014D0445_20,32014D0445,revised,True,True,[]
103,32014D0562_0,32014D0562,revised,True,True,[]
103,32014D0562_1,32014D0562,revised,True,True,[]
103,32014D0562_2,32014D0562,revised,True,True,[]
103,32014D0562_3,32014D0562,revised,True,True,[]
103,32014D0562_4,32014D0562,revised,True,True,[]
104,32014D0472_0,32014D0472,revised,True,True,[]
104,32014D0472_1,32014D0472,revised,True,True,[]
104,32014D0472_2,32014D0472,revised,True,True,[]
104,32014D0472_3,32014D0472,revised,True,True,[]
104,32014D0472_4,32014D0472,revised,True,True,[]
105,32014D0472_5,32014D0472,revised,True,True,[]
105,32014D0472_6,32014D0472,revised,True,True,[]
105,32014D0472_7,32014D0472,revised,True,True,[]
105,32014D0472_8,32014D0472,revised,True,True,[]
105,32014D0472_9,32014D0472,revised,True,True,[]
106,32014D0472_10,32014D0472,revised,True,True,[]
106,32014D0472_11,32014D0472,revised,True,True,[]
106,32014D0472_12,32014D0472,revised,True,True,[]
106,32014D0472_13,32014D0472,revised,True,True,[]
106,32014D0472_14,32014D0472,revised,True,True,[]
107,32014D0472_15,32014D0472,revised,True,True,[]
107,32014D0472_16,32014D0472,revised,True,True,[]
107,32014D0167_0,32014D0167,revised,True,True,[]
107,32014D0167_1,32014D0167,revised,True,True,[]
107,32014D0097_0,32014D0097,revised,True,True,[]
108,32014D0095_0,32014D0095,revised,True,True,[]
108,32014D0095_1,32014D0095,revised,True,True,[]
108,32014D0094_0,32014D0094,revised,True,True,[]
108,32013D1386_0,32013D1386,revised,True,True,[]
108,32013D1386_1,32013D1386,revised,True,True,[]
85,32014D0816_1,32014D0816,revised,True,True,[]
85,32014D0696_0,32014D0696,revised,True,True,[]
85,32014D0696_1,32014D0696,revised,True,True,[]
85,32014D0698_0,32014D0698,revised,True,True,[]
85,32014D0698_1,32014D0698,revised,True,True,[]
124,32013D1386_77,32013D1386,revised,True,True,[]
124,32013D1386_78,32013D1386,revised,True,True,[]
124,32013D1386_79,32013D1386,revised,True,True,[]
124,32013D1386_80,32013D1386,revised,True,True,[]
124,32013D1312_0,32013D1312,revised,True,True,[]
125,32013D1312_1,32013D1312,revised,True,True,[]
125,32013D1312_2,32013D1312,revised,True,True,[]
125,32013D1312_3,32013D1312,revised,True,True,[]
125,32013D1312_4,32013D1312,revised,True,True,[]
125,32013D1312_5,32013D1312,revised,True,True,[]
126,32013D1312_6,32013D1312,revised,True,True,[]
126,32013D1312_7,32013D1312,revised,True,True,[]
126,32013D1312_8,32013D1312,revised,True,True,[]
126,32013D1312_9,32013D1312,revised,True,True,[]
126,32013D1312_10,32013D1312,revised,True,True,[]
127,32013D1312_11,32013D1312,revised,True,True,[]
127,32013D1312_12,32013D1312,revised,True,True,[]
127,32013D1312_13,32013D1312,revised,True,True,[]
127,32013D1312_14,32013D1312,revised,True,True,[]
127,32013D1312_15,32013D1312,revised,True,True,[]
128,32013D1312_16,32013D1312,revised,True,True,[]
128,32013D1312_17,32013D1312,revised,True,True,[]
128,32013D1312_18,32013D1312,revised,True,True,[]
128,32013D1312_19,32013D1312,revised,True,True,[]
128,32013D1312_20,32013D1312,revised,True,True,[]
129,32013D1312_21,32013D1312,revised,True,True,[]
129,32013D1312_22,32013D1312,revised,True,True,[]
129,32013D1312_23,32013D1312,revised,True,True,[]
129,32013D1312_24,32013D1312,revised,True,True,[]
129,32013D1312_25,32013D1312,revised,True,True,[]
131,32013D1312_31,32013D1312,revised,True,True,[]
131,32013D1312_32,32013D1312,revised,True,True,[]
131,32013D1312_33,32013D1312,revised,True,True,[]
131,32013D1312_34,32013D1312,revised,True,True,[]
131,32013D1312_35,32013D1312,revised,True,True,[]
130,32013D1312_26,32013D1312,revised,True,True,[]
130,32013D1312_27,32013D1312,revised,True,True,[]
130,32013D1312_28,32013D1312,revised,True,True,[]
130,32013D1312_29,32013D1312,revised,True,True,[]
130,32013D1312_30,32013D1312,revised,True,True,[]
132,32013D1312_36,32013D1312,revised,True,True,[]
132,32013D1312_37,32013D1312,revised,True,True,[]
132,32013D1312_38,32013D1312,revised,True,True,[]
132,32013D1312_39,32013D1312,revised,True,True,[]
132,32013D1312_40,32013D1312,revised,True,True,[]
133,32013D1312_41,32013D1312,revised,True,True,[]
133,32013D1312_42,32013D1312,revised,True,True,[]
133,32013D1312_43,32013D1312,revised,True,True,[]
133,32013D1312_44,32013D1312,revised,True,True,[]
133,32013D1312_45,32013D1312,revised,True,True,[]
134,32013D1312_46,32013D1312,revised,True,True,[]
134,32013D1312_47,32013D1312,revised,True,True,[]
134,32013D1312_48,32013D1312,revised,True,True,[]
134,32013D1312_49,32013D1312,revised,True,True,[]
134,32013D1312_50,32013D1312,revised,True,True,[]
135,32013D1312_51,32013D1312,revised,True,True,[]
135,32013D1312_52,32013D1312,revised,True,True,[]
135,32013D1312_53,32013D1312,revised,True,True,[]
135,32013D1312_54,32013D1312,revised,True,True,[]
135,32013D1312_55,32013D1312,revised,True,True,[]
136,32013D1312_56,32013D1312,revised,True,True,[]
136,32013D1312_57,32013D1312,revised,True,True,[]
136,32013D1312_58,32013D1312,revised,True,True,[]
136,32013D1312_59,32013D1312,revised,True,True,[]
136,32013D1312_60,32013D1312,revised,True,True,[]
138,32013D1312_66,32013D1312,revised,True,True,[]
138,32013D1312_67,32013D1312,revised,True,True,[]
138,32013D1312_68,32013D1312,revised,True,True,[]
138,32013D1312_69,32013D1312,revised,True,True,[]
138,32013D1312_70,32013D1312,revised,True,True,[]
137,32013D1312_61,32013D1312,revised,True,True,[]
137,32013D1312_62,32013D1312,revised,True,True,[]
137,32013D1312_63,32013D1312,revised,True,True,[]
137,32013D1312_64,32013D1312,revised,True,True,[]
137,32013D1312_65,32013D1312,revised,True,True,[]
110,32013D1386_7,32013D1386,revised,True,True,[]
110,32013D1386_8,32013D1386,revised,True,True,[]
110,32013D1386_9,32013D1386,revised,True,True,[]
110,32013D1386_10,32013D1386,revised,True,True,[]
110,32013D1386_11,32013D1386,revised,True,True,[]
109,32013D1386_2,32013D1386,revised,True,True,[]
109,32013D1386_3,32013D1386,revised,True,True,[]
109,32013D1386_4,32013D1386,revised,True,True,[]
109,32013D1386_5,32013D1386,skipped_not_required,True,False,"[""invalid_class_type:['Asset', 'Party']"", ""extensions_without_class:['LegalInstrument', 'Regulation']""]"
109,32013D1386_6,32013D1386,revised,True,True,[]
111,32013D1386_12,32013D1386,revised,True,True,[]
111,32013D1386_13,32013D1386,revised,True,True,[]
111,32013D1386_14,32013D1386,revised,True,True,[]
111,32013D1386_15,32013D1386,revised,True,True,[]
111,32013D1386_16,32013D1386,revised,True,True,[]
112,32013D1386_17,32013D1386,revised,True,True,[]
112,32013D1386_18,32013D1386,revised,True,True,[]
112,32013D1386_19,32013D1386,revised,True,True,[]
112,32013D1386_20,32013D1386,revised,True,True,[]
112,32013D1386_21,32013D1386,revised,True,True,[]
113,32013D1386_22,32013D1386,revised,True,True,[]
113,32013D1386_23,32013D1386,revised,True,True,[]
113,32013D1386_24,32013D1386,revised,True,True,[]
113,32013D1386_25,32013D1386,revised,True,True,[]
113,32013D1386_26,32013D1386,revised,True,True,[]
114,32013D1386_27,32013D1386,revised,True,True,[]
114,32013D1386_28,32013D1386,revised,True,True,[]
114,32013D1386_29,32013D1386,revised,True,True,[]
114,32013D1386_30,32013D1386,revised,True,True,[]
114,32013D1386_31,32013D1386,revised,True,True,[]
115,32013D1386_32,32013D1386,revised,True,True,[]
115,32013D1386_33,32013D1386,revised,True,True,[]
115,32013D1386_34,32013D1386,revised,True,True,[]
115,32013D1386_35,32013D1386,revised,True,True,[]
115,32013D1386_36,32013D1386,revised,True,True,[]
116,32013D1386_37,32013D1386,revised,True,True,[]
116,32013D1386_38,32013D1386,revised,True,True,[]
116,32013D1386_39,32013D1386,revised,True,True,[]
116,32013D1386_40,32013D1386,revised,True,True,[]
116,32013D1386_41,32013D1386,revised,True,True,[]
117,32013D1386_42,32013D1386,revised,True,True,[]
117,32013D1386_43,32013D1386,revised,True,True,[]
117,32013D1386_44,32013D1386,revised,True,True,[]
117,32013D1386_45,32013D1386,revised,True,True,[]
117,32013D1386_46,32013D1386,revised,True,True,[]
118,32013D1386_47,32013D1386,revised,True,True,[]
118,32013D1386_48,32013D1386,revised,True,True,[]
118,32013D1386_49,32013D1386,revised,True,True,[]
118,32013D1386_50,32013D1386,revised,True,True,[]
118,32013D1386_51,32013D1386,revised,True,True,[]
119,32013D1386_52,32013D1386,revised,True,True,[]
119,32013D1386_53,32013D1386,revised,True,True,[]
119,32013D1386_54,32013D1386,revised,True,True,[]
119,32013D1386_55,32013D1386,revised,True,True,[]
119,32013D1386_56,32013D1386,revised,True,True,[]
120,32013D1386_57,32013D1386,revised,True,True,[]
120,32013D1386_58,32013D1386,revised,True,True,[]
120,32013D1386_59,32013D1386,skipped_not_required,True,False,"[""invalid_class_type:['Policy']"", ""extensions_without_class:['LegalInstrument', 'Regulation']""]"
120,32013D1386_60,32013D1386,revised,True,True,[]
120,32013D1386_61,32013D1386,revised,True,True,[]
121,32013D1386_62,32013D1386,revised,True,True,[]
121,32013D1386_63,32013D1386,revised,True,True,[]
121,32013D1386_64,32013D1386,revised,True,True,[]
121,32013D1386_65,32013D1386,revised,True,True,[]
121,32013D1386_66,32013D1386,revised,True,True,[]
122,32013D1386_67,32013D1386,revised,True,True,[]
122,32013D1386_68,32013D1386,revised,True,True,[]
122,32013D1386_69,32013D1386,revised,True,True,[]
122,32013D1386_70,32013D1386,revised,True,True,[]
122,32013D1386_71,32013D1386,revised,True,True,[]
123,32013D1386_72,32013D1386,revised,True,True,[]
123,32013D1386_73,32013D1386,revised,True,True,[]
123,32013D1386_74,32013D1386,revised,True,True,[]
123,32013D1386_75,32013D1386,revised,True,True,[]
123,32013D1386_76,32013D1386,revised,True,True,[]
