part_id,start_row,end_row,chunk_count,file_path
0,0,4999,5000,data\03_primary\eurlex_chunks_parts\part_000.csv
1,5000,9999,5000,data\03_primary\eurlex_chunks_parts\part_001.csv
2,10000,14999,5000,data\03_primary\eurlex_chunks_parts\part_002.csv
3,15000,19999,5000,data\03_primary\eurlex_chunks_parts\part_003.csv
4,20000,24999,5000,data\03_primary\eurlex_chunks_parts\part_004.csv
5,25000,29999,5000,data\03_primary\eurlex_chunks_parts\part_005.csv
6,30000,34999,5000,data\03_primary\eurlex_chunks_parts\part_006.csv
7,35000,39999,5000,data\03_primary\eurlex_chunks_parts\part_007.csv
8,40000,44999,5000,data\03_primary\eurlex_chunks_parts\part_008.csv
9,45000,49999,5000,data\03_primary\eurlex_chunks_parts\part_009.csv
10,50000,54999,5000,data\03_primary\eurlex_chunks_parts\part_010.csv
11,55000,59999,5000,data\03_primary\eurlex_chunks_parts\part_011.csv
12,60000,64999,5000,data\03_primary\eurlex_chunks_parts\part_012.csv
13,65000,69999,5000,data\03_primary\eurlex_chunks_parts\part_013.csv
14,70000,74999,5000,data\03_primary\eurlex_chunks_parts\part_014.csv
15,75000,79999,5000,data\03_primary\eurlex_chunks_parts\part_015.csv
16,80000,84999,5000,data\03_primary\eurlex_chunks_parts\part_016.csv
17,85000,89999,5000,data\03_primary\eurlex_chunks_parts\part_017.csv
18,90000,94999,5000,data\03_primary\eurlex_chunks_parts\part_018.csv
19,95000,99999,5000,data\03_primary\eurlex_chunks_parts\part_019.csv
20,100000,104999,5000,data\03_primary\eurlex_chunks_parts\part_020.csv
21,105000,109999,5000,data\03_primary\eurlex_chunks_parts\part_021.csv
22,110000,114999,5000,data\03_primary\eurlex_chunks_parts\part_022.csv
23,115000,119999,5000,data\03_primary\eurlex_chunks_parts\part_023.csv
24,120000,124999,5000,data\03_primary\eurlex_chunks_parts\part_024.csv
25,125000,129999,5000,data\03_primary\eurlex_chunks_parts\part_025.csv
26,130000,134999,5000,data\03_primary\eurlex_chunks_parts\part_026.csv
27,135000,139999,5000,data\03_primary\eurlex_chunks_parts\part_027.csv
28,140000,144999,5000,data\03_primary\eurlex_chunks_parts\part_028.csv
29,145000,149999,5000,data\03_primary\eurlex_chunks_parts\part_029.csv
30,150000,154999,5000,data\03_primary\eurlex_chunks_parts\part_030.csv
31,155000,159999,5000,data\03_primary\eurlex_chunks_parts\part_031.csv
32,160000,164999,5000,data\03_primary\eurlex_chunks_parts\part_032.csv
33,165000,169999,5000,data\03_primary\eurlex_chunks_parts\part_033.csv
34,170000,174999,5000,data\03_primary\eurlex_chunks_parts\part_034.csv
35,175000,179999,5000,data\03_primary\eurlex_chunks_parts\part_035.csv
36,180000,184999,5000,data\03_primary\eurlex_chunks_parts\part_036.csv
37,185000,189999,5000,data\03_primary\eurlex_chunks_parts\part_037.csv
38,190000,194999,5000,data\03_primary\eurlex_chunks_parts\part_038.csv
39,195000,199999,5000,data\03_primary\eurlex_chunks_parts\part_039.csv
40,200000,204999,5000,data\03_primary\eurlex_chunks_parts\part_040.csv
41,205000,209999,5000,data\03_primary\eurlex_chunks_parts\part_041.csv
42,210000,214999,5000,data\03_primary\eurlex_chunks_parts\part_042.csv
43,215000,219999,5000,data\03_primary\eurlex_chunks_parts\part_043.csv
44,220000,224999,5000,data\03_primary\eurlex_chunks_parts\part_044.csv
45,225000,229999,5000,data\03_primary\eurlex_chunks_parts\part_045.csv
46,230000,234999,5000,data\03_primary\eurlex_chunks_parts\part_046.csv
47,235000,239999,5000,data\03_primary\eurlex_chunks_parts\part_047.csv
48,240000,244999,5000,data\03_primary\eurlex_chunks_parts\part_048.csv
49,245000,249999,5000,data\03_primary\eurlex_chunks_parts\part_049.csv
50,250000,254999,5000,data\03_primary\eurlex_chunks_parts\part_050.csv
51,255000,259999,5000,data\03_primary\eurlex_chunks_parts\part_051.csv
52,260000,264999,5000,data\03_primary\eurlex_chunks_parts\part_052.csv
53,265000,269999,5000,data\03_primary\eurlex_chunks_parts\part_053.csv
54,270000,274999,5000,data\03_primary\eurlex_chunks_parts\part_054.csv
55,275000,279999,5000,data\03_primary\eurlex_chunks_parts\part_055.csv
56,280000,284999,5000,data\03_primary\eurlex_chunks_parts\part_056.csv
57,285000,289999,5000,data\03_primary\eurlex_chunks_parts\part_057.csv
58,290000,294999,5000,data\03_primary\eurlex_chunks_parts\part_058.csv
59,295000,299999,5000,data\03_primary\eurlex_chunks_parts\part_059.csv
60,300000,304999,5000,data\03_primary\eurlex_chunks_parts\part_060.csv
61,305000,309999,5000,data\03_primary\eurlex_chunks_parts\part_061.csv
62,310000,314999,5000,data\03_primary\eurlex_chunks_parts\part_062.csv
63,315000,319999,5000,data\03_primary\eurlex_chunks_parts\part_063.csv
64,320000,324999,5000,data\03_primary\eurlex_chunks_parts\part_064.csv
65,325000,329999,5000,data\03_primary\eurlex_chunks_parts\part_065.csv
66,330000,334999,5000,data\03_primary\eurlex_chunks_parts\part_066.csv
67,335000,339999,5000,data\03_primary\eurlex_chunks_parts\part_067.csv
68,340000,344999,5000,data\03_primary\eurlex_chunks_parts\part_068.csv
69,345000,349999,5000,data\03_primary\eurlex_chunks_parts\part_069.csv
70,350000,354999,5000,data\03_primary\eurlex_chunks_parts\part_070.csv
71,355000,359999,5000,data\03_primary\eurlex_chunks_parts\part_071.csv
72,360000,364999,5000,data\03_primary\eurlex_chunks_parts\part_072.csv
73,365000,369999,5000,data\03_primary\eurlex_chunks_parts\part_073.csv
74,370000,374999,5000,data\03_primary\eurlex_chunks_parts\part_074.csv
75,375000,379999,5000,data\03_primary\eurlex_chunks_parts\part_075.csv
76,380000,384999,5000,data\03_primary\eurlex_chunks_parts\part_076.csv
77,385000,389999,5000,data\03_primary\eurlex_chunks_parts\part_077.csv
78,390000,394999,5000,data\03_primary\eurlex_chunks_parts\part_078.csv
79,395000,399999,5000,data\03_primary\eurlex_chunks_parts\part_079.csv
80,400000,404999,5000,data\03_primary\eurlex_chunks_parts\part_080.csv
81,405000,409999,5000,data\03_primary\eurlex_chunks_parts\part_081.csv
82,410000,414999,5000,data\03_primary\eurlex_chunks_parts\part_082.csv
83,415000,419999,5000,data\03_primary\eurlex_chunks_parts\part_083.csv
84,420000,424999,5000,data\03_primary\eurlex_chunks_parts\part_084.csv
85,425000,429999,5000,data\03_primary\eurlex_chunks_parts\part_085.csv
86,430000,434999,5000,data\03_primary\eurlex_chunks_parts\part_086.csv
87,435000,439999,5000,data\03_primary\eurlex_chunks_parts\part_087.csv
88,440000,444999,5000,data\03_primary\eurlex_chunks_parts\part_088.csv
89,445000,449999,5000,data\03_primary\eurlex_chunks_parts\part_089.csv
90,450000,454999,5000,data\03_primary\eurlex_chunks_parts\part_090.csv
91,455000,459999,5000,data\03_primary\eurlex_chunks_parts\part_091.csv
92,460000,464999,5000,data\03_primary\eurlex_chunks_parts\part_092.csv
93,465000,469999,5000,data\03_primary\eurlex_chunks_parts\part_093.csv
94,470000,474999,5000,data\03_primary\eurlex_chunks_parts\part_094.csv
95,475000,479999,5000,data\03_primary\eurlex_chunks_parts\part_095.csv
96,480000,484999,5000,data\03_primary\eurlex_chunks_parts\part_096.csv
97,485000,489999,5000,data\03_primary\eurlex_chunks_parts\part_097.csv
98,490000,494999,5000,data\03_primary\eurlex_chunks_parts\part_098.csv
99,495000,499999,5000,data\03_primary\eurlex_chunks_parts\part_099.csv
100,500000,504999,5000,data\03_primary\eurlex_chunks_parts\part_100.csv
101,505000,509999,5000,data\03_primary\eurlex_chunks_parts\part_101.csv
102,510000,514999,5000,data\03_primary\eurlex_chunks_parts\part_102.csv
103,515000,519999,5000,data\03_primary\eurlex_chunks_parts\part_103.csv
104,520000,524999,5000,data\03_primary\eurlex_chunks_parts\part_104.csv
105,525000,529999,5000,data\03_primary\eurlex_chunks_parts\part_105.csv
106,530000,534999,5000,data\03_primary\eurlex_chunks_parts\part_106.csv
107,535000,539999,5000,data\03_primary\eurlex_chunks_parts\part_107.csv
108,540000,544999,5000,data\03_primary\eurlex_chunks_parts\part_108.csv
109,545000,549999,5000,data\03_primary\eurlex_chunks_parts\part_109.csv
110,550000,554999,5000,data\03_primary\eurlex_chunks_parts\part_110.csv
111,555000,559999,5000,data\03_primary\eurlex_chunks_parts\part_111.csv
112,560000,564999,5000,data\03_primary\eurlex_chunks_parts\part_112.csv
113,565000,569999,5000,data\03_primary\eurlex_chunks_parts\part_113.csv
114,570000,574999,5000,data\03_primary\eurlex_chunks_parts\part_114.csv
115,575000,579999,5000,data\03_primary\eurlex_chunks_parts\part_115.csv
116,580000,584999,5000,data\03_primary\eurlex_chunks_parts\part_116.csv
117,585000,589999,5000,data\03_primary\eurlex_chunks_parts\part_117.csv
118,590000,594999,5000,data\03_primary\eurlex_chunks_parts\part_118.csv
119,595000,599999,5000,data\03_primary\eurlex_chunks_parts\part_119.csv
120,600000,604999,5000,data\03_primary\eurlex_chunks_parts\part_120.csv
121,605000,609999,5000,data\03_primary\eurlex_chunks_parts\part_121.csv
122,610000,614999,5000,data\03_primary\eurlex_chunks_parts\part_122.csv
123,615000,619999,5000,data\03_primary\eurlex_chunks_parts\part_123.csv
124,620000,624999,5000,data\03_primary\eurlex_chunks_parts\part_124.csv
125,625000,629999,5000,data\03_primary\eurlex_chunks_parts\part_125.csv
126,630000,634999,5000,data\03_primary\eurlex_chunks_parts\part_126.csv
127,635000,639999,5000,data\03_primary\eurlex_chunks_parts\part_127.csv
128,640000,644999,5000,data\03_primary\eurlex_chunks_parts\part_128.csv
129,645000,649999,5000,data\03_primary\eurlex_chunks_parts\part_129.csv
130,650000,654999,5000,data\03_primary\eurlex_chunks_parts\part_130.csv
131,655000,659999,5000,data\03_primary\eurlex_chunks_parts\part_131.csv
132,660000,664999,5000,data\03_primary\eurlex_chunks_parts\part_132.csv
133,665000,669999,5000,data\03_primary\eurlex_chunks_parts\part_133.csv
134,670000,674999,5000,data\03_primary\eurlex_chunks_parts\part_134.csv
135,675000,679999,5000,data\03_primary\eurlex_chunks_parts\part_135.csv
136,680000,684999,5000,data\03_primary\eurlex_chunks_parts\part_136.csv
137,685000,689999,5000,data\03_primary\eurlex_chunks_parts\part_137.csv
138,690000,694999,5000,data\03_primary\eurlex_chunks_parts\part_138.csv
139,695000,699999,5000,data\03_primary\eurlex_chunks_parts\part_139.csv
140,700000,704999,5000,data\03_primary\eurlex_chunks_parts\part_140.csv
141,705000,709999,5000,data\03_primary\eurlex_chunks_parts\part_141.csv
142,710000,714999,5000,data\03_primary\eurlex_chunks_parts\part_142.csv
143,715000,719999,5000,data\03_primary\eurlex_chunks_parts\part_143.csv
144,720000,724999,5000,data\03_primary\eurlex_chunks_parts\part_144.csv
145,725000,729999,5000,data\03_primary\eurlex_chunks_parts\part_145.csv
146,730000,734999,5000,data\03_primary\eurlex_chunks_parts\part_146.csv
147,735000,739999,5000,data\03_primary\eurlex_chunks_parts\part_147.csv
148,740000,744999,5000,data\03_primary\eurlex_chunks_parts\part_148.csv
149,745000,749999,5000,data\03_primary\eurlex_chunks_parts\part_149.csv
150,750000,754999,5000,data\03_primary\eurlex_chunks_parts\part_150.csv
151,755000,759999,5000,data\03_primary\eurlex_chunks_parts\part_151.csv
152,760000,764999,5000,data\03_primary\eurlex_chunks_parts\part_152.csv
153,765000,769999,5000,data\03_primary\eurlex_chunks_parts\part_153.csv
154,770000,774999,5000,data\03_primary\eurlex_chunks_parts\part_154.csv
155,775000,779999,5000,data\03_primary\eurlex_chunks_parts\part_155.csv
156,780000,784999,5000,data\03_primary\eurlex_chunks_parts\part_156.csv
157,785000,789999,5000,data\03_primary\eurlex_chunks_parts\part_157.csv
158,790000,794999,5000,data\03_primary\eurlex_chunks_parts\part_158.csv
159,795000,799999,5000,data\03_primary\eurlex_chunks_parts\part_159.csv
160,800000,804999,5000,data\03_primary\eurlex_chunks_parts\part_160.csv
161,805000,809999,5000,data\03_primary\eurlex_chunks_parts\part_161.csv
162,810000,814999,5000,data\03_primary\eurlex_chunks_parts\part_162.csv
163,815000,819999,5000,data\03_primary\eurlex_chunks_parts\part_163.csv
164,820000,824999,5000,data\03_primary\eurlex_chunks_parts\part_164.csv
165,825000,829999,5000,data\03_primary\eurlex_chunks_parts\part_165.csv
166,830000,834999,5000,data\03_primary\eurlex_chunks_parts\part_166.csv
167,835000,839999,5000,data\03_primary\eurlex_chunks_parts\part_167.csv
168,840000,844999,5000,data\03_primary\eurlex_chunks_parts\part_168.csv
169,845000,849999,5000,data\03_primary\eurlex_chunks_parts\part_169.csv
170,850000,854999,5000,data\03_primary\eurlex_chunks_parts\part_170.csv
171,855000,859999,5000,data\03_primary\eurlex_chunks_parts\part_171.csv
172,860000,864999,5000,data\03_primary\eurlex_chunks_parts\part_172.csv
173,865000,869999,5000,data\03_primary\eurlex_chunks_parts\part_173.csv
174,870000,874999,5000,data\03_primary\eurlex_chunks_parts\part_174.csv
175,875000,879999,5000,data\03_primary\eurlex_chunks_parts\part_175.csv
176,880000,884999,5000,data\03_primary\eurlex_chunks_parts\part_176.csv
177,885000,889999,5000,data\03_primary\eurlex_chunks_parts\part_177.csv
178,890000,890330,331,data\03_primary\eurlex_chunks_parts\part_178.csv
